-1.907381057739257812e+01,-1.577004528045654297e+01,1.612917184829711914e+00,1.274589567430272297e+00,-1.019363889416255331e+00,2.360317122232231390e-01
-2.050085067749023438e+01,-1.600686264038085938e+01,1.699357509613037109e+00,1.317649316975410878e+00,-1.032882577093101606e+00,2.179292239927689834e-01
-1.797718048095703125e+01,-1.652309036254882812e+01,1.709819793701171875e+00,1.296928912724777172e+00,-1.017664815113253240e+00,2.004892499260968186e-01
-1.742378616333007812e+01,-1.723183059692382812e+01,1.742806196212768555e+00,1.355425492348315775e+00,-9.990325330120505276e-01,1.512512269842490598e-01
-1.648011779785156250e+01,-1.760467529296875000e+01,1.728488922119140625e+00,1.349415943474001178e+00,-9.837312173456217446e-01,1.266324639323860024e-01
-1.573566913604736328e+01,-1.805634689331054688e+01,1.718935489654541016e+00,1.375549633598363020e+00,-9.338261893016569504e-01,1.154736561626989455e-01
-2.103291320800781250e+01,-1.524752330780029297e+01,1.668979287147521973e+00,1.261759652683562383e+00,-1.059166380823876707e+00,2.562882223799554104e-01
-2.190668487548828125e+01,-1.513821220397949219e+01,1.736001729965209961e+00,1.310085221882937745e+00,-1.055387804659096984e+00,2.205578969769169395e-01
-1.850785064697265625e+01,-1.625712394714355469e+01,1.665295958518981934e+00,1.283017522748036710e+00,-1.012340898853280047e+00,2.317721827692477421e-01
-1.499929428100585938e+01,-1.798091888427734375e+01,1.685090541839599609e+00,1.320590407463244631e+00,-9.493424882535044240e-01,1.307473897957394382e-01
-1.414229869842529297e+01,-1.760683059692382812e+01,1.650903940200805664e+00,1.290807008911234899e+00,-9.507784092475369819e-01,1.699358709177063997e-01
-1.320224285125732422e+01,-1.795321083068847656e+01,1.630366563796997070e+00,1.300107825342925683e+00,-9.421821718044380845e-01,1.419490478871067163e-01
-1.256635856628417969e+01,-1.797676658630371094e+01,1.626995086669921875e+00,1.294228858256104120e+00,-9.137477463806696898e-01,1.470036364871017964e-01
-1.175380802154541016e+01,-1.781288146972656250e+01,1.636315345764160156e+00,1.289344615948199824e+00,-9.028094222940232783e-01,1.458296748249501840e-01
-1.091054344177246094e+01,-1.790161514282226562e+01,1.664812207221984863e+00,1.267129444990839238e+00,-8.862230599482896487e-01,1.594914905698233409e-01
-1.003086185455322266e+01,-1.766784858703613281e+01,1.731456518173217773e+00,1.281661724363367894e+00,-8.987436438940633598e-01,1.606918299863011323e-01
-9.585288047790527344e+00,-1.806525039672851562e+01,1.761113882064819336e+00,1.318960445481028643e+00,-8.437980984897318626e-01,1.131258208824668932e-01
-8.761539459228515625e+00,-1.762107849121093750e+01,1.783583164215087891e+00,1.275167054938278310e+00,-8.593539499079864141e-01,1.534779754261464402e-01
-7.862180709838867188e+00,-1.797324943542480469e+01,1.842914581298828125e+00,1.290563130480707033e+00,-8.163727299797561843e-01,1.286838511290450959e-01
-7.363975048065185547e+00,-1.780305671691894531e+01,1.889301300048828125e+00,1.255730079786352205e+00,-8.115425573459121855e-01,1.631901199751920328e-01
-7.031346321105957031e+00,-1.777462959289550781e+01,1.916659951210021973e+00,1.263080604751579683e+00,-7.999431877888039111e-01,1.650715232013895417e-01
-6.121572971343994141e+00,-1.851080513000488281e+01,1.957190155982971191e+00,1.256988260445732530e+00,-7.654032237813531703e-01,1.548185336976086734e-01
-5.923093795776367188e+00,-1.911614227294921875e+01,1.938905835151672363e+00,1.294451473435542121e+00,-7.421688368418237758e-01,1.306921736499760400e-01
-4.818699359893798828e+00,-1.909042549133300781e+01,1.998471379280090332e+00,1.267739354413677910e+00,-7.392770472840505258e-01,1.450693788798811390e-01
-4.595319271087646484e+00,-1.904014778137207031e+01,1.965860128402709961e+00,1.293640946557301552e+00,-7.182404985575437939e-01,1.132586210035144980e-01
-3.579289674758911133e+00,-1.926757240295410156e+01,2.016785621643066406e+00,1.307727911379132690e+00,-6.837288759469938304e-01,9.688465399003272360e-02
-2.670449018478393555e+00,-1.995643043518066406e+01,1.998357772827148438e+00,1.294348479206194336e+00,-6.532389982026417519e-01,1.099276005204021661e-01
-2.310312080383300781e+01,-1.478821277618408203e+01,1.712010979652404785e+00,1.294429818043564717e+00,-1.106162461150978604e+00,2.391489073364473639e-01
-2.321751785278320312e+01,-1.446352005004882812e+01,1.646327495574951172e+00,1.256554279749725778e+00,-1.095861876507328470e+00,2.627379397452127008e-01
-1.656511306762695312e+00,-2.099286651611328125e+01,2.061091184616088867e+00,1.282490336040576828e+00,-6.117874709821373713e-01,1.110260322388078036e-01
-7.921117544174194336e-01,-2.106205940246582031e+01,2.026368618011474609e+00,1.279034634500728407e+00,-6.149140553299066170e-01,1.222175551397874926e-01
1.010759696364402771e-01,-2.098152351379394531e+01,1.989480018615722656e+00,1.285979847852422475e+00,-6.019240363606578326e-01,1.272659790775034772e-01
1.448892235755920410e+00,-2.041670608520507812e+01,1.916513800621032715e+00,1.287787986191569312e+00,-6.119815980214247109e-01,1.083564128458471970e-01
2.154574632644653320e+00,-2.047067832946777344e+01,1.854708790779113770e+00,1.285729313009937202e+00,-5.929352694946731228e-01,8.834382024609960249e-02
2.661188364028930664e+00,-2.079429626464843750e+01,1.709110140800476074e+00,1.308787601647675380e+00,-5.721208114412403845e-01,7.607047862213327238e-02
2.906425952911376953e+00,-2.100650215148925781e+01,1.637109160423278809e+00,1.324507984973714469e+00,-5.382363275248414070e-01,5.375044926602096790e-02
3.619364738464355469e+00,-2.141138648986816406e+01,1.759786367416381836e+00,1.304533917172901569e+00,-5.427916037786733039e-01,1.008122457940897887e-01
4.884956836700439453e+00,-2.163052940368652344e+01,1.611836671829223633e+00,1.322035122002237939e+00,-5.107426223521995823e-01,5.552915824675338369e-02
5.819983482360839844e+00,-2.168862724304199219e+01,1.500378727912902832e+00,1.326790867288337727e+00,-5.277829269664700007e-01,5.811020638771765418e-02
6.345724582672119141e+00,-2.198403167724609375e+01,1.588727831840515137e+00,1.312416923474630792e+00,-5.194224075857354350e-01,8.470427786521789182e-02
7.072000503540039062e+00,-2.227289581298828125e+01,1.588117122650146484e+00,1.301645049564724710e+00,-5.252389767217557903e-01,7.043377058298583293e-02
7.465279579162597656e+00,-2.210647201538085938e+01,1.683805465698242188e+00,1.293351771329204647e+00,-4.713395002066315120e-01,4.350535086742583074e-02
7.846146106719970703e+00,-2.191315460205078125e+01,1.617107510566711426e+00,1.302601075945495568e+00,-4.505377202268037173e-01,4.091465632767283395e-02
8.407366752624511719e+00,-2.249147033691406250e+01,1.579456090927124023e+00,1.308826996368760875e+00,-4.325542674700283419e-01,2.951419690372695734e-02
8.859824180603027344e+00,-2.223574447631835938e+01,1.571486711502075195e+00,1.302684832708313811e+00,-3.614691033365722284e-01,2.040501067764443135e-02
9.964850425720214844e+00,-2.263064193725585938e+01,1.631537079811096191e+00,1.327040419259242432e+00,-3.060762087530486397e-01,-1.753097228730398499e-02
1.068046569824218750e+01,-2.295627784729003906e+01,1.598757624626159668e+00,1.325560823065602634e+00,-2.721188268776516539e-01,-5.643993988361697099e-03
1.174765872955322266e+01,-2.349079322814941406e+01,1.600212574005126953e+00,1.356400643174505483e+00,-2.078682507746759667e-01,-1.959937179218982153e-02
1.206968975067138672e+01,-2.357296371459960938e+01,1.608408331871032715e+00,1.357452567459207504e+00,-1.828068050814530277e-01,-3.000992917645312064e-02
1.337731933593750000e+01,-2.393183898925781250e+01,1.665752887725830078e+00,1.374229184824029115e+00,-1.343836957132169552e-01,-3.168365929349176158e-02
1.403416156768798828e+01,-2.440882492065429688e+01,1.718003869056701660e+00,1.362220947584951158e+00,-7.682402894456154263e-02,-6.642041670475329340e-02
1.532569408416748047e+01,-2.516000175476074219e+01,1.709576606750488281e+00,1.393690559557763109e+00,-7.603705865247306628e-02,-5.038999661387810747e-02
1.453730297088623047e+01,-2.478841018676757812e+01,1.708981513977050781e+00,1.372176636646352810e+00,-1.008482055350831269e-01,-2.719985396651972143e-02
1.543231582641601562e+01,-2.551024246215820312e+01,1.689306378364562988e+00,1.365846837926283808e+00,-3.418141836438887832e-02,-2.445806453415388590e-02
1.607117652893066406e+01,-2.597070312500000000e+01,1.758460164070129395e+00,1.344896613356417081e+00,-8.435679566575710053e-02,-1.840593893998761221e-02
1.772924232482910156e+01,-2.596446037292480469e+01,1.721607089042663574e+00,1.368250851092218223e+00,-2.242376071401263118e-02,2.529637653859373274e-03
1.700452232360839844e+01,-2.600273323059082031e+01,1.648452281951904297e+00,1.364110099782829932e+00,-1.741473854795358434e-02,-9.589710199041061181e-04
1.853370475769042969e+01,-2.562027549743652344e+01,1.677642822265625000e+00,1.371860682694214795e+00,2.435126718803435480e-02,2.270302569761256488e-03
1.983997154235839844e+01,-2.602825164794921875e+01,1.546952247619628906e+00,1.370507783501545118e+00,9.583872250592966047e-02,-3.340078240312559232e-02
2.108567619323730469e+01,-2.607089424133300781e+01,1.541696548461914062e+00,1.357736796342375873e+00,1.251716054957916213e-01,-4.335508912536003429e-02
2.075959205627441406e+01,-2.606736755371093750e+01,1.518587946891784668e+00,1.383905751392497940e+00,1.254582568779570306e-01,-3.409215784690009660e-02
-1.178751087188720703e+01,-1.679868507385253906e+01,1.637081503868103027e+00,1.492647887644897642e+00,-7.839692926500153591e-01,3.592397413301759435e-02
-1.047246932983398438e+01,-1.737571144104003906e+01,1.695522546768188477e+00,1.504608599594223994e+00,-7.538507118758507319e-01,3.687838973889933508e-02
-9.247417449951171875e+00,-1.709570884704589844e+01,1.647448658943176270e+00,1.442343352489969366e+00,-7.702853750560839652e-01,5.512940865429674653e-02
-1.398617172241210938e+01,-1.682020378112792969e+01,1.699805855751037598e+00,1.433083685166285148e+00,-8.761346478975148289e-01,1.029736298968644131e-01
-7.413422584533691406e+00,-1.807653236389160156e+01,1.806988835334777832e+00,1.427943651505212186e+00,-7.361547577576795787e-01,5.328228451530800380e-02
2.208687973022460938e+01,-2.591705513000488281e+01,1.650283455848693848e+00,1.365902984646507612e+00,1.067379819789340961e-01,-4.928848327328436141e-02
2.314328384399414062e+01,-2.548874473571777344e+01,1.629657745361328125e+00,1.359313767175632792e+00,1.095325227727340367e-01,-2.967214906155698009e-02
2.442250633239746094e+01,-2.587497520446777344e+01,1.634713292121887207e+00,1.351266721876906329e+00,1.507715386479158148e-01,-6.332448759997753862e-02
-2.382704353332519531e+01,-1.465345001220703125e+01,1.539415478706359863e+00,1.103983108803164193e+00,-1.092312803608341820e+00,4.048588015723836309e-01
-2.453914070129394531e+01,-1.343408966064453125e+01,1.542220354080200195e+00,1.102004101196766950e+00,-1.053785465706172486e+00,3.896906661891084145e-01
-2.538465309143066406e+01,-1.303586196899414062e+01,1.528091907501220703e+00,1.070769500827160048e+00,-1.034145237422237074e+00,4.255104630163522028e-01
-2.692704391479492188e+01,-1.277713489532470703e+01,1.601804971694946289e+00,1.186923436718309022e+00,-1.067431726673940595e+00,3.403047250317090544e-01
-2.716833496093750000e+01,-1.306976413726806641e+01,1.457669615745544434e+00,1.126546545908584385e+00,-1.098844506143300537e+00,3.811771210954642553e-01
-2.833687591552734375e+01,-1.283071708679199219e+01,1.497044920921325684e+00,1.139383399539233732e+00,-1.073731051265235603e+00,3.601333795661934567e-01
-2.927982711791992188e+01,-1.253950595855712891e+01,1.465922951698303223e+00,1.142226348389978385e+00,-1.069130646001383633e+00,3.588169474347903121e-01
-3.045941734313964844e+01,-1.276561260223388672e+01,1.609152913093566895e+00,1.194811067964284046e+00,-1.111140112614238395e+00,3.319771294612740009e-01
-3.029820632934570312e+01,-1.260059070587158203e+01,1.438568353652954102e+00,1.125376225770910787e+00,-1.079011025330738560e+00,3.730238270467192696e-01
-3.173689079284667969e+01,-1.240612888336181641e+01,1.496685624122619629e+00,1.146717247038506526e+00,-1.106607469976921498e+00,3.590377056933612976e-01
-3.306168746948242188e+01,-1.327841091156005859e+01,1.536293148994445801e+00,1.163628279565059209e+00,-1.141647751969074198e+00,3.494165253127606841e-01
-3.412734603881835938e+01,-1.366184616088867188e+01,1.534566640853881836e+00,1.154693262697647604e+00,-1.159441269656787066e+00,3.588010454279202954e-01
-3.373402786254882812e+01,-1.349312114715576172e+01,1.462763667106628418e+00,1.117497978112152124e+00,-1.136925465661947188e+00,3.883868439797719674e-01
-3.485124969482421875e+01,-1.421169948577880859e+01,1.548217773437500000e+00,1.176815397064319368e+00,-1.160404410623546489e+00,3.297724978505418569e-01
-3.487913513183593750e+01,-1.388416767120361328e+01,1.518100380897521973e+00,1.163887055364775103e+00,-1.157398320208708364e+00,3.472403583665285010e-01
-3.600653839111328125e+01,-1.470343399047851562e+01,1.528868556022644043e+00,1.179373997558558873e+00,-1.169429065461218054e+00,3.360839643796053045e-01
-3.612275695800781250e+01,-1.499955749511718750e+01,1.569127440452575684e+00,1.257526839326134738e+00,-1.151775259560547049e+00,2.674629612835465742e-01
-3.680410385131835938e+01,-1.564963817596435547e+01,1.498910665512084961e+00,1.201136993683591614e+00,-1.172037750713385229e+00,3.200288686712882691e-01
-3.744552612304687500e+01,-1.610891532897949219e+01,1.518360733985900879e+00,1.221608837082105659e+00,-1.165388468771698660e+00,3.019792550966552414e-01
-3.818104553222656250e+01,-1.629824638366699219e+01,1.537240266799926758e+00,1.218091885227606808e+00,-1.156304695266217486e+00,2.979947730935594286e-01
-3.949416351318359375e+01,-1.671965408325195312e+01,1.527385234832763672e+00,1.332143034020128791e+00,-1.158708029588772837e+00,2.143313865185199618e-01
-3.914280319213867188e+01,-1.632993125915527344e+01,1.525796413421630859e+00,1.362955474757344909e+00,-1.164534678598225570e+00,1.910870862808094761e-01
-3.910794067382812500e+01,-1.613754081726074219e+01,1.531339764595031738e+00,1.364769899742799497e+00,-1.170177152833817402e+00,1.887898728002332382e-01
-3.911286544799804688e+01,-1.621974563598632812e+01,1.527940750122070312e+00,1.362348169389462793e+00,-1.168866464401315586e+00,1.894131854298852502e-01
2.065498733520507812e+01,-2.430204200744628906e+01,1.766214013099670410e+00,1.412639072535452067e+00,1.744700116267659251e-01,-3.977508088037474965e-02
5.450999736785888672e-01,-1.843316841125488281e+01,1.753331303596496582e+00,1.366706322863598722e+00,-5.523184006451037353e-01,7.022594762265961521e-02
1.484096288681030273e+00,-1.929760551452636719e+01,1.736648082733154297e+00,1.366307637394568841e+00,-5.285429129413898863e-01,5.119930650277044332e-02
-5.770502567291259766e+00,-1.846802711486816406e+01,1.913216114044189453e+00,1.469278941127437177e+00,-7.003239793153563930e-01,4.119723643187320206e-02
-4.552650451660156250e+00,-1.801912498474121094e+01,1.876233577728271484e+00,1.396615151649254871e+00,-6.691094600589435615e-01,8.225647356039379743e-02
2.105664062500000000e+01,-2.425910377502441406e+01,1.736216545104980469e+00,1.415814490170191009e+00,1.810044853685418287e-01,-6.811948889658055173e-02
2.201068115234375000e+01,-2.504965209960937500e+01,1.697677373886108398e+00,1.429871242760892391e+00,2.314086971285601313e-01,-9.715067064991773915e-02
1.684959411621093750e+01,-2.393365669250488281e+01,1.680434942245483398e+00,1.432903828650856415e+00,5.696511958430033190e-02,-3.699829394666304810e-02
4.598445415496826172e+00,-2.044586563110351562e+01,1.561013698577880859e+00,1.380775279341642570e+00,-4.071900826728693246e-01,-9.724754604951275222e-03
2.526822280883789062e+01,-2.579431343078613281e+01,1.682422637939453125e+00,1.328129025488553383e+00,1.316968159396319504e-01,-6.178789652118783088e-02
2.605189895629882812e+01,-2.564191055297851562e+01,1.690556526184082031e+00,1.318854802580155638e+00,1.444140294220139509e-01,-5.958506152707864628e-02
-2.036702871322631836e+00,-1.808856391906738281e+01,1.814550042152404785e+00,1.427224164530752626e+00,-6.286867993417301070e-01,5.854075764260619624e-02
2.326506233215332031e+01,-2.614640045166015625e+01,1.746711254119873047e+00,1.442373502774135785e+00,2.601079714212133909e-01,-7.486482465655291962e-02
2.411226844787597656e+01,-2.636458969116210938e+01,1.819551944732666016e+00,1.447076112875817611e+00,3.367951585601480780e-01,-6.381690591385487388e-02
2.838362503051757812e+01,-2.491069793701171875e+01,1.859197974205017090e+00,1.349002138022825648e+00,3.308414870280980691e-01,-1.037675032879944725e-01
2.840342521667480469e+01,-2.478265380859375000e+01,1.869452357292175293e+00,1.367110393168170290e+00,3.408142215285719923e-01,-9.349115389844807333e-02
2.904721069335937500e+01,-2.425985336303710938e+01,1.862891435623168945e+00,1.343924552258337402e+00,3.579381675682618003e-01,-1.177659494084988268e-01
2.892463302612304688e+01,-2.411346626281738281e+01,1.919581532478332520e+00,1.381687838816530789e+00,4.254880704722894813e-01,-1.143418995791219972e-01
2.997168350219726562e+01,-2.342795372009277344e+01,1.982695460319519043e+00,1.356128539582640569e+00,5.035229452233072056e-01,-1.613190936756639104e-01
3.020476150512695312e+01,-2.404605102539062500e+01,1.970996975898742676e+00,1.395374164646247861e+00,5.404725778465618857e-01,-1.797240116850434000e-01
3.099957084655761719e+01,-2.279120635986328125e+01,1.845597386360168457e+00,1.405592852796001768e+00,5.752762632877743698e-01,-1.766846256458226849e-01
2.972788810729980469e+01,-2.309559631347656250e+01,1.889629840850830078e+00,1.411413210819504771e+00,5.444822404880615974e-01,-1.735189161706369998e-01
3.210956954956054688e+01,-2.290610504150390625e+01,1.780352115631103516e+00,1.405119292425720090e+00,5.827654688208109279e-01,-1.438870280924403056e-01
3.213245010375976562e+01,-2.237118339538574219e+01,1.735259294509887695e+00,1.414111797319105523e+00,6.008245554772726482e-01,-1.492519720536413796e-01
2.399522590637207031e+01,-2.666961860656738281e+01,1.761789083480834961e+00,1.520274779808437726e+00,4.590415346804853636e-01,-6.393405994058581898e-02
1.098169136047363281e+01,-2.228541755676269531e+01,1.651288866996765137e+00,1.393274457451553205e+00,-2.418842130694856818e-01,1.621166100929907067e-02
1.526397609710693359e+01,-2.241554641723632812e+01,1.503493666648864746e+00,1.486195908336929161e+00,6.957675979220877271e-02,-5.799199032438727419e-02
2.957885932922363281e+01,-2.681416893005371094e+01,1.827282547950744629e+00,1.398815270851295756e+00,5.013550255946593870e-01,-1.064017718420403602e-01
1.046353149414062500e+01,-2.149652290344238281e+01,1.482761502265930176e+00,1.435436872848650625e+00,-2.075615335106331394e-01,6.304521725824956124e-03
1.098602008819580078e+01,-2.188468742370605469e+01,1.584592103958129883e+00,1.424654423527522029e+00,-2.076989682919666291e-01,-6.625222167811130325e-02
2.861153602600097656e+01,-2.729325675964355469e+01,1.850533962249755859e+00,1.502362244260610824e+00,5.981988383526215536e-01,-1.334628033466085939e-01
2.879785728454589844e+01,-2.705934906005859375e+01,1.835693597793579102e+00,1.504165525971240758e+00,5.973888265460925995e-01,-1.219155829995381829e-01
3.047193527221679688e+01,-2.774130058288574219e+01,1.861846089363098145e+00,1.466015403735181577e+00,5.888783923789180363e-01,-1.097273596083075398e-01
1.825418472290039062e+01,-2.416185760498046875e+01,1.733640551567077637e+00,1.456293983526665059e+00,1.485610802153042587e-01,-4.079440706273613354e-02
2.829068565368652344e+01,-2.693314552307128906e+01,1.718192338943481445e+00,1.538515712029892901e+00,5.861576802477085346e-01,-8.895490075516203354e-02
2.797610664367675781e+01,-2.740906143188476562e+01,1.669938564300537109e+00,1.546939248870045303e+00,5.484163062570718283e-01,-9.656461082414916075e-02
3.192140960693359375e+01,-2.714469528198242188e+01,1.851939201354980469e+00,1.444854902604315816e+00,5.784885136150981211e-01,-1.105843149946475201e-01
3.264490127563476562e+01,-2.660926246643066406e+01,1.786270737648010254e+00,1.491236871430653643e+00,5.573821190424839145e-01,-6.087248728673495118e-02
2.797587394714355469e+01,-2.738543128967285156e+01,1.812870860099792480e+00,1.501482560923420140e+00,5.658111705697819183e-01,-1.122482407358526418e-01
3.493911361694335938e+01,-2.680844116210937500e+01,1.807541966438293457e+00,1.503878144002946726e+00,6.278092229963597726e-01,-6.153894450848228226e-02
2.388640403747558594e+01,-2.605242729187011719e+01,1.663807988166809082e+00,1.357561375911400026e+00,6.685743931798254769e-02,-1.262687683570920191e-02
2.707398414611816406e+01,-2.578294563293457031e+01,1.633016228675842285e+00,1.344474854344653858e+00,2.357976290563824351e-01,-7.866821693388890979e-02
1.355944442749023438e+01,-2.194951057434082031e+01,1.527367115020751953e+00,1.460559259002101040e+00,-5.234887183328876259e-02,-5.397571615947331647e-02
3.614580154418945312e+01,-2.746782493591308594e+01,1.829809546470642090e+00,1.465144791532671631e+00,6.045454680583742801e-01,-1.060964709104981057e-01
3.163854026794433594e+01,-2.769171524047851562e+01,1.874419093132019043e+00,1.444432127367741847e+00,6.202230638280616937e-01,-1.577920112929437624e-01
3.237911987304687500e+01,-2.787419700622558594e+01,1.883505582809448242e+00,1.480907133605255277e+00,6.540709756906434302e-01,-1.440618675726753339e-01
1.746693992614746094e+01,-2.374548149108886719e+01,1.654149293899536133e+00,1.458614420436682213e+00,1.552923844499994044e-01,-7.303278230481451139e-02
3.786353683471679688e+01,-2.777644157409667969e+01,1.811635375022888184e+00,1.404817448878807662e+00,5.305134922868546266e-01,-1.387769004182627108e-01
3.954014205932617188e+01,-2.742813301086425781e+01,1.775877714157104492e+00,1.433652402767064293e+00,5.902195823783290551e-01,-1.451179857368686821e-01
4.051535034179687500e+01,-2.878111267089843750e+01,1.766368150711059570e+00,1.444077458154928273e+00,6.050107102963946382e-01,-1.452307594909244270e-01
4.329568099975585938e+01,-2.894102859497070312e+01,1.656291365623474121e+00,1.430423774380338076e+00,6.624023816984104807e-01,-1.543439456489124062e-01
4.477848815917968750e+01,-2.914484596252441406e+01,1.623744368553161621e+00,1.437218021432821624e+00,7.297352798711030930e-01,-1.564762413184945244e-01
4.753919601440429688e+01,-2.977456092834472656e+01,1.534187078475952148e+00,1.447249303354912309e+00,7.906673433027625597e-01,-1.490744669066590145e-01
4.951513290405273438e+01,-3.042464828491210938e+01,1.453513622283935547e+00,1.457298669718303241e+00,7.708223381280705500e-01,-1.208595695903717654e-01
4.979156875610351562e+01,-3.083226394653320312e+01,1.384463310241699219e+00,1.466526727010714293e+00,7.484112285040688262e-01,-1.174463540574045145e-01
5.157612609863281250e+01,-3.100869178771972656e+01,1.323375821113586426e+00,1.456735797275609201e+00,7.812212538859624189e-01,-1.152441331365433169e-01
5.332757568359375000e+01,-3.112073135375976562e+01,1.370196700096130371e+00,1.482076532083596687e+00,8.032880230440494485e-01,-8.624551458306488338e-02
5.536156463623046875e+01,-3.179819869995117188e+01,1.325132250785827637e+00,1.444439746504401212e+00,8.502163578706593006e-01,-1.335180689120665509e-01
5.668626022338867188e+01,-3.246725082397460938e+01,1.302009105682373047e+00,1.425319220371759510e+00,8.417207313069144936e-01,-1.413998881298487165e-01
5.779661941528320312e+01,-3.288504028320312500e+01,1.331424474716186523e+00,1.430127104712959785e+00,8.671421500334308696e-01,-1.575784047159662360e-01
5.873172760009765625e+01,-3.316207504272460938e+01,1.314744830131530762e+00,1.399497952047523919e+00,8.658708768618099683e-01,-1.758668106281072729e-01
6.074353408813476562e+01,-3.354067993164062500e+01,1.245254635810852051e+00,1.401479385188824311e+00,8.890310937916170442e-01,-1.762958704294048662e-01
6.213702011108398438e+01,-3.361983108520507812e+01,1.188485264778137207e+00,1.438259156367431624e+00,9.172334463671394378e-01,-1.384535981239448099e-01
2.477520751953125000e+01,-2.550845146179199219e+01,1.589581370353698730e+00,1.318973594780303626e+00,8.825263345632115841e-02,-4.467420016515648296e-02
6.437862396240234375e+01,-3.423999786376953125e+01,1.160120010375976562e+00,1.464688456905512970e+00,9.448867382708888707e-01,-1.088192031208439076e-01
6.448098754882812500e+01,-3.425051498413085938e+01,1.176604151725769043e+00,1.465881259884996402e+00,9.482729543589591970e-01,-1.082016058574988698e-01
6.404438781738281250e+01,-3.417801284790039062e+01,1.192673802375793457e+00,1.468858990628754579e+00,9.443622392839302604e-01,-1.047639155501921965e-01
6.391171264648437500e+01,-3.427728271484375000e+01,1.167752861976623535e+00,1.463586055710311307e+00,9.365706842983123614e-01,-1.061783905285646201e-01
6.333916854858398438e+01,-3.423790740966796875e+01,1.175138592720031738e+00,1.454645248070042918e+00,9.329522216085489594e-01,-1.161303746437392370e-01
-1.100612258911132812e+01,-1.982665634155273438e+01,1.728306651115417480e+00,1.421135223316235985e+00,-7.781387590617974137e-01,5.586568902586679097e-02
-1.082164669036865234e+01,-2.004475593566894531e+01,1.738711476325988770e+00,1.428574981196273130e+00,-7.840187037176040707e-01,4.969520214445011241e-02
-9.920597076416015625e+00,-1.965770339965820312e+01,1.827240467071533203e+00,1.436646239309822048e+00,-7.794810884408738261e-01,4.369786644476586490e-02
-1.173600006103515625e+01,-1.969610595703125000e+01,1.740436196327209473e+00,1.426885214515891231e+00,-7.903183550560720638e-01,6.691692062676403430e-02
-9.239568710327148438e+00,-1.963452720642089844e+01,1.843373537063598633e+00,1.432977351269578925e+00,-7.534378442264589859e-01,2.196103138271671140e-02
-8.087631225585937500e+00,-1.958826637268066406e+01,1.906920790672302246e+00,1.439008927840732532e+00,-7.047956359899607559e-01,3.222375714970261013e-02
-8.847716331481933594e+00,-2.026904106140136719e+01,1.956924676895141602e+00,1.448560525346229477e+00,-7.052333563634302083e-01,6.052669932461430223e-03
-1.209631729125976562e+01,-1.945785140991210938e+01,1.705040812492370605e+00,1.457709429106823107e+00,-8.048179300180773321e-01,1.526203954446930799e-02
-1.214002132415771484e+01,-1.941281700134277344e+01,1.725004315376281738e+00,1.410424263410944512e+00,-8.113391001996058671e-01,7.397890052524312698e-02
-1.310993003845214844e+01,-1.990497779846191406e+01,1.726506590843200684e+00,1.428058488790840519e+00,-8.081946037868275035e-01,3.966204228154693312e-02
-1.386272525787353516e+01,-1.957697868347167969e+01,1.761575341224670410e+00,1.426883024395472876e+00,-8.646549581888928193e-01,7.164921146564567911e-02
-1.464030933380126953e+01,-1.984114646911621094e+01,1.738962292671203613e+00,1.421714819391872053e+00,-8.910926579324808250e-01,6.870534274184142420e-02
-6.833047389984130859e+00,-2.003126335144042969e+01,2.018185615539550781e+00,1.446719540832570150e+00,-6.713716574327482922e-01,1.932584775293545720e-03
-6.200144767761230469e+00,-1.959321212768554688e+01,1.908956646919250488e+00,1.433587187077563385e+00,-6.573419415317494074e-01,9.530030695529111834e-03
-5.907579898834228516e+00,-1.919961547851562500e+01,1.887519717216491699e+00,1.422155277358881920e+00,-6.589060021098144260e-01,4.455045632036632591e-03
-4.946601867675781250e+00,-1.939681625366210938e+01,1.868759274482727051e+00,1.443387604857700124e+00,-6.561404953574486720e-01,1.013921015696957195e-02
-4.183076381683349609e+00,-1.928761100769042969e+01,1.861375212669372559e+00,1.395081945663359413e+00,-6.158146618677804440e-01,-2.704034217269011067e-03
-3.137366771697998047e+00,-1.969530296325683594e+01,1.840328454971313477e+00,1.410598600381683054e+00,-6.032210598800653578e-01,2.764803793200219448e-02
-2.357788085937500000e+00,-1.995489311218261719e+01,1.879021883010864258e+00,1.400610266055521524e+00,-5.767368764653119095e-01,2.772841570881090512e-02
-1.025719165802001953e+00,-2.008629989624023438e+01,1.860511064529418945e+00,1.395862997914759429e+00,-5.656625462010648198e-01,4.529658325101433569e-02
-6.268246173858642578e-01,-2.037658500671386719e+01,1.863093018531799316e+00,1.384902877782854258e+00,-5.469190361119034005e-01,1.952766972048943298e-02
-5.064479261636734009e-02,-2.084118461608886719e+01,1.876054406166076660e+00,1.379428512322952827e+00,-5.642713109566269702e-01,5.185053910843578917e-02
6.001427769660949707e-01,-2.075265693664550781e+01,1.768203496932983398e+00,1.401117036037226704e+00,-5.286115235610210350e-01,3.256568478934394190e-02
1.299196243286132812e+00,-2.041909217834472656e+01,1.757547259330749512e+00,1.456097281374815866e+00,-4.859171333360140510e-01,7.933308010586604536e-03
-1.439961910247802734e+01,-1.974788093566894531e+01,1.767935037612915039e+00,1.501207731322483196e+00,-8.396383649688268225e-01,-3.561854879949873792e-02
2.590323448181152344e+00,-2.099276161193847656e+01,1.754100918769836426e+00,1.419838429661448576e+00,-4.383706709875019869e-01,2.760252967964260326e-03
4.356763362884521484e+00,-2.107642173767089844e+01,1.659235358238220215e+00,1.390319581647110558e+00,-4.299765576048736881e-01,-3.353972597099620385e-03
5.262017250061035156e+00,-2.089377403259277344e+01,1.624865889549255371e+00,1.344540242686336429e+00,-4.325270880198213153e-01,2.360706885319589429e-02
7.047497749328613281e+00,-2.159262657165527344e+01,1.589691519737243652e+00,1.343363530573921105e+00,-3.711992281814973094e-01,2.377425490180826162e-02
7.738831996917724609e+00,-2.263073921203613281e+01,1.602968096733093262e+00,1.335332993909439825e+00,-3.243240903166035305e-01,8.559890864188833895e-03
8.350215911865234375e+00,-2.157568740844726562e+01,1.565734624862670898e+00,1.337227981410799460e+00,-3.152870760763820668e-01,9.915101996953784233e-03
8.155586242675781250e+00,-2.267873764038085938e+01,1.633969783782958984e+00,1.320611401995209988e+00,-3.255699373047232781e-01,1.709654641459814120e-02
9.810879707336425781e+00,-2.290636062622070312e+01,1.655823349952697754e+00,1.339095728543547414e+00,-2.736920192090865900e-01,-3.616959311257045631e-03
1.043223094940185547e+01,-2.315270042419433594e+01,1.669776678085327148e+00,1.341422469485400226e+00,-2.808790330979482053e-01,1.462360522958047575e-02
1.069836616516113281e+01,-2.363797187805175781e+01,1.725676178932189941e+00,1.343515157642838576e+00,-2.485192460767116918e-01,-1.527696498370327387e-02
1.057654380798339844e+01,-2.392051506042480469e+01,1.693173170089721680e+00,1.338050875978948229e+00,-2.234201452528513099e-01,-5.474104127255502612e-03
1.209532451629638672e+01,-2.437924575805664062e+01,1.675086617469787598e+00,1.353645639959098590e+00,-1.794383247530929315e-01,4.793959456277159699e-03
1.238300132751464844e+01,-2.449869346618652344e+01,1.683302521705627441e+00,1.358452353200473750e+00,-1.586368960571483133e-01,5.206651166131212594e-03
1.482885837554931641e+01,-2.529092597961425781e+01,1.714561223983764648e+00,1.384306991093754657e+00,2.157337849226644705e-02,-2.071438340192937461e-02
1.498980808258056641e+01,-2.547042274475097656e+01,1.750551342964172363e+00,1.381634593897964614e+00,-5.886688779425021389e-02,-6.131458867090351617e-05
-1.582202434539794922e+01,-1.925942611694335938e+01,1.769315004348754883e+00,1.472029785996639140e+00,-8.954040977017753145e-01,-1.060499014023053889e-02
-1.726460456848144531e+01,-1.880647277832031250e+01,1.839881777763366699e+00,1.462973910409476552e+00,-9.676256392492590397e-01,3.497083089293734348e-02
-1.827222633361816406e+01,-1.880552673339843750e+01,1.838109612464904785e+00,1.414863537548118222e+00,-1.001424842241458224e+00,8.434873521881847136e-02
-1.915225791931152344e+01,-1.868983268737792969e+01,1.880917310714721680e+00,1.434896973264097930e+00,-1.017772494321919741e+00,7.775527481939549512e-02
-2.006684875488281250e+01,-1.819997596740722656e+01,1.824593544006347656e+00,1.381744447276651799e+00,-1.039469682899851311e+00,1.335331358687390779e-01
-2.060726737976074219e+01,-1.776399230957031250e+01,1.880415558815002441e+00,1.424908381989007822e+00,-1.051195466373121112e+00,7.516102925772429055e-02
-2.126954841613769531e+01,-1.785788345336914062e+01,1.854181408882141113e+00,1.400895604064548383e+00,-1.051742757257516425e+00,9.493376405336312329e-02
-2.165150451660156250e+01,-1.766436767578125000e+01,1.779513955116271973e+00,1.395621821360740533e+00,-1.059708393152699157e+00,9.120148469523081669e-02
-2.249881172180175781e+01,-1.732693672180175781e+01,1.742825269699096680e+00,1.367481295179121092e+00,-1.066160229500513257e+00,1.252818302579548626e-01
-2.491030693054199219e+01,-1.692773246765136719e+01,1.732113242149353027e+00,1.348829085345445433e+00,-1.084232140929581423e+00,1.712706913391174590e-01
-2.397031784057617188e+01,-1.713110733032226562e+01,1.758494257926940918e+00,1.364729268820558339e+00,-1.068872648212432219e+00,1.737313151402753442e-01
-2.579120635986328125e+01,-1.660514640808105469e+01,1.726639389991760254e+00,1.365642244924482274e+00,-1.100996052299919148e+00,1.521969316410942408e-01
-2.316683578491210938e+01,-1.729260635375976562e+01,1.796664714813232422e+00,1.410478256664880581e+00,-1.071092649261145002e+00,1.209993043861692236e-01
-2.700011444091796875e+01,-1.624752426147460938e+01,1.700357675552368164e+00,1.367681665500452226e+00,-1.118612633333437412e+00,1.651571323041913231e-01
-2.634218025207519531e+01,-1.662375068664550781e+01,1.736011266708374023e+00,1.378886884469067375e+00,-1.114893005509676405e+00,1.450103879591074230e-01
-2.813094902038574219e+01,-1.569851970672607422e+01,1.625184774398803711e+00,1.375320690265682044e+00,-1.139470132662511626e+00,1.545874601988019015e-01
-2.900250816345214844e+01,-1.509780311584472656e+01,1.616445779800415039e+00,1.346008523925390943e+00,-1.133896615326267288e+00,1.906511041698142339e-01
-3.012152671813964844e+01,-1.487115097045898438e+01,1.587203621864318848e+00,1.353520157583437467e+00,-1.168962313110810669e+00,1.898626905718148461e-01
-3.084859657287597656e+01,-1.465837764739990234e+01,1.612432003021240234e+00,1.360615374120276444e+00,-1.161831248981371356e+00,1.845892643721491200e-01
-3.086357688903808594e+01,-1.519852352142333984e+01,1.565214753150939941e+00,1.312486825097304521e+00,-1.160266389887604666e+00,2.161389002443067919e-01
-3.170547485351562500e+01,-1.519432640075683594e+01,1.560095667839050293e+00,1.308811263174738171e+00,-1.161069435789679583e+00,2.331022012730959714e-01
-3.300119400024414062e+01,-1.481523513793945312e+01,1.549301505088806152e+00,1.303343286547926638e+00,-1.183063443818744398e+00,2.177284323758045537e-01
-3.321928405761718750e+01,-1.466508483886718750e+01,1.538743615150451660e+00,1.327469823420374340e+00,-1.179306032134477267e+00,2.169812043456886552e-01
-3.500540924072265625e+01,-1.480915546417236328e+01,1.553019881248474121e+00,1.259606013723020057e+00,-1.186646233451491783e+00,2.918693031582405562e-01
-3.519245147705078125e+01,-1.490728187561035156e+01,1.545858979225158691e+00,1.213484905682687964e+00,-1.186429357371172832e+00,3.414447555504016019e-01
-3.488813781738281250e+01,-1.453110122680664062e+01,1.537738800048828125e+00,1.188149446430011080e+00,-1.182694717507319915e+00,3.682326613953818550e-01
-3.467081069946289062e+01,-1.403558158874511719e+01,1.509809613227844238e+00,1.158954235468314886e+00,-1.185646930780102748e+00,4.013864895953925815e-01
1.487177467346191406e+01,-2.564305305480957031e+01,1.780031681060791016e+00,1.377265874276342394e+00,4.273149201367763134e-02,-2.738712034609999332e-02
1.444196224212646484e+01,-2.569359016418457031e+01,1.768713712692260742e+00,1.376734875168052596e+00,5.254098469849784875e-02,-7.137552336618641080e-02
1.582896900177001953e+01,-2.623254966735839844e+01,1.769671440124511719e+00,1.346810697467611284e+00,6.903018442741372385e-02,-5.241944830741102068e-02
1.625393867492675781e+01,-2.526299476623535156e+01,1.792097449302673340e+00,1.366205834144170517e+00,8.576072538766864317e-02,-6.120144498234836999e-02
1.822628593444824219e+01,-2.550690269470214844e+01,1.787695169448852539e+00,1.369318438545415795e+00,9.465794438485372608e-02,-3.224670357416659083e-02
1.984818649291992188e+01,-2.583412551879882812e+01,1.722115874290466309e+00,1.360654150209423152e+00,1.343956799975195571e-01,-4.047077526089040006e-02
2.019227790832519531e+01,-2.615470314025878906e+01,1.754175782203674316e+00,1.381486968748936617e+00,1.608064339597267689e-01,-4.870919872121001748e-02
2.168643760681152344e+01,-2.585482978820800781e+01,1.675202012062072754e+00,1.371679119190301055e+00,2.228274518155078654e-01,-7.329913361130342697e-02
2.126106834411621094e+01,-2.635755348205566406e+01,1.719420194625854492e+00,1.351347543195056788e+00,1.207946837245254673e-01,-2.122025569627753599e-02
2.386944961547851562e+01,-2.706421852111816406e+01,1.696062922477722168e+00,1.367315532102670650e+00,2.700621594983798612e-01,-5.573066616990975802e-02
2.525922393798828125e+01,-2.807585906982421875e+01,1.786989808082580566e+00,1.316568697206768057e+00,3.549387438715855270e-01,-1.340818606858890094e-01
2.530845832824707031e+01,-2.805992317199707031e+01,1.789989829063415527e+00,1.347563714478238639e+00,3.668362496852778376e-01,-1.205732065954678439e-01
2.383992195129394531e+01,-2.719601631164550781e+01,1.663883328437805176e+00,1.366973494152158741e+00,3.240247510230871986e-01,-8.003447810683170238e-02
2.276685714721679688e+01,-2.653726387023925781e+01,1.685027718544006348e+00,1.350765875467799804e+00,1.764865141010162064e-01,-4.562262031795744771e-02
2.630644798278808594e+01,-2.791366004943847656e+01,1.839583635330200195e+00,1.300306943303169760e+00,3.949885309529598265e-01,-1.490322984398239348e-01
2.695409965515136719e+01,-2.852859878540039062e+01,1.805131316184997559e+00,1.314936326444090753e+00,4.146540669298373061e-01,-1.480591450343912152e-01
3.195127487182617188e+01,-2.859010124206542969e+01,1.987875580787658691e+00,1.384203245416020023e+00,6.016810093035624973e-01,-1.931047612931380830e-01
3.241613388061523438e+01,-2.882229232788085938e+01,2.098519563674926758e+00,1.434233268690641605e+00,6.213921345144445274e-01,-1.621365300373845408e-01
3.400946426391601562e+01,-2.885746765136718750e+01,1.979048848152160645e+00,1.373082886409113135e+00,6.201568501231333741e-01,-1.789196420908399643e-01
3.557159042358398438e+01,-2.979648399353027344e+01,1.940315008163452148e+00,1.414903278986603175e+00,6.589313319526690638e-01,-1.905321686590054076e-01
3.456673431396484375e+01,-2.933078575134277344e+01,1.967163801193237305e+00,1.399437189587499297e+00,6.392995093302794585e-01,-1.932157776470197208e-01
2.995599365234375000e+01,-2.806007385253906250e+01,1.935674548149108887e+00,1.288274804638583459e+00,5.345672084054630124e-01,-2.107019680831075936e-01
3.069859313964843750e+01,-2.887686729431152344e+01,1.941790580749511719e+00,1.310851046778341855e+00,5.661258345282957904e-01,-2.130947389955689664e-01
3.036415481567382812e+01,-2.839714431762695312e+01,1.980867743492126465e+00,1.373991303058088365e+00,5.770347698252231705e-01,-1.744257900959997609e-01
3.926325225830078125e+01,-2.960358047485351562e+01,1.890166044235229492e+00,1.461752569911350719e+00,7.256716936291891518e-01,-1.334041339372306068e-01
4.010970687866210938e+01,-2.965184211730957031e+01,1.823749184608459473e+00,1.472997644963077057e+00,7.357112640917643498e-01,-1.447103745088229032e-01
3.726673507690429688e+01,-3.003718566894531250e+01,1.999624371528625488e+00,1.453172568490141536e+00,6.669169943897544917e-01,-1.646246731956392817e-01
3.785902404785156250e+01,-2.951667976379394531e+01,1.894551038742065430e+00,1.472109133763689792e+00,7.501236081212221407e-01,-1.594519554000917438e-01
3.579316711425781250e+01,-3.013461303710937500e+01,2.013544321060180664e+00,1.449871132189086920e+00,6.836383831284010837e-01,-1.876053502547049001e-01
2.749585533142089844e+01,-2.809158897399902344e+01,1.873973608016967773e+00,1.299081955348977857e+00,3.787461850256458318e-01,-1.340632305904640165e-01
4.187089538574218750e+01,-2.954052925109863281e+01,1.814415693283081055e+00,1.466168612130638982e+00,7.223652909463333938e-01,-1.255072353817153763e-01
4.284329223632812500e+01,-3.019699478149414062e+01,1.795380353927612305e+00,1.463657315602355347e+00,6.970417486218942749e-01,-1.059378112187601834e-01
4.058547592163085938e+01,-3.025931549072265625e+01,1.893051981925964355e+00,1.463585360039371341e+00,6.826819657829535926e-01,-1.380884463217323388e-01
4.381333160400390625e+01,-2.936843109130859375e+01,1.760169506072998047e+00,1.476160189542626844e+00,7.096779579679711736e-01,-1.166805575621183561e-01
4.611805725097656250e+01,-2.979888725280761719e+01,1.733307361602783203e+00,1.483427267948566275e+00,7.719223919571697179e-01,-1.086600942665136432e-01
4.532546234130859375e+01,-2.946339035034179688e+01,1.731450676918029785e+00,1.474382328906958861e+00,7.148223259160286780e-01,-1.258880340903663353e-01
4.610466003417968750e+01,-3.085739898681640625e+01,1.790208220481872559e+00,1.450719745752245382e+00,8.262672802691809482e-01,-1.742724102908308204e-01
4.650051498413085938e+01,-3.091989898681640625e+01,1.821528911590576172e+00,1.469792724146305796e+00,8.306322318844403529e-01,-1.474565115876260157e-01
4.434625244140625000e+01,-3.187302017211914062e+01,1.905509710311889648e+00,1.424313272315342216e+00,7.646703088889781341e-01,-1.861562681350965587e-01
5.022439956665039062e+01,-3.115012168884277344e+01,1.705196738243103027e+00,1.483131902165642391e+00,8.257182151225817002e-01,-1.047503211006703266e-01
5.189603805541992188e+01,-3.080833816528320312e+01,1.561607837677001953e+00,1.465675660443208184e+00,8.519905164453025481e-01,-1.278766121997087779e-01
5.103179931640625000e+01,-3.116192436218261719e+01,1.614516735076904297e+00,1.469849816367438722e+00,8.301982097334991151e-01,-1.343739783174237035e-01
4.770143890380859375e+01,-3.167484664916992188e+01,1.748329997062683105e+00,1.483114326833485874e+00,8.044276622216299799e-01,-1.666893838031232311e-01
4.804288864135742188e+01,-3.092846679687500000e+01,1.697366356849670410e+00,1.458304201362760288e+00,8.421801103200358130e-01,-1.582841895775916330e-01
5.229207992553710938e+01,-3.173534774780273438e+01,1.620098829269409180e+00,1.462682801887290385e+00,8.758939829868768179e-01,-1.551232655308258657e-01
5.289743423461914062e+01,-3.198799324035644531e+01,1.598115682601928711e+00,1.484135316389582737e+00,8.803800211815369092e-01,-1.257941739464291109e-01
5.355059814453125000e+01,-3.279399871826171875e+01,1.527989268302917480e+00,1.435771674335719172e+00,9.256577974959443456e-01,-1.759334097641012673e-01
5.347338485717773438e+01,-3.236482620239257812e+01,1.492807626724243164e+00,1.462452551830654812e+00,9.191643457211859936e-01,-1.458498926998352541e-01
5.471767807006835938e+01,-3.174869155883789062e+01,1.515072703361511230e+00,1.466118893135062828e+00,8.822684280721367900e-01,-1.245426361203870319e-01
2.881708335876464844e+01,-2.882137489318847656e+01,1.233078122138977051e+00,1.471556582016193993e+00,2.919738621894902852e-01,-6.470547367105392023e-02
5.600865936279296875e+01,-3.229826354980468750e+01,1.428723812103271484e+00,1.467333021142566141e+00,9.007837151928477226e-01,-1.456279728485785352e-01
5.716012573242187500e+01,-3.238842773437500000e+01,1.438948750495910645e+00,1.481855233044841791e+00,9.009661026572775011e-01,-1.153162028102654446e-01
5.696015930175781250e+01,-3.257200622558593750e+01,1.462657570838928223e+00,1.483174934947441237e+00,8.924162931189510983e-01,-9.993245207708241484e-02
5.638226699829101562e+01,-3.293686294555664062e+01,1.474233388900756836e+00,1.488097435307434324e+00,8.862719823890926607e-01,-1.032590464804032798e-01
5.721157836914062500e+01,-3.348217010498046875e+01,1.473996043205261230e+00,1.505471523528805644e+00,9.186848954600023154e-01,-9.105782038486806562e-02
6.032568740844726562e+01,-3.151874160766601562e+01,1.371976971626281738e+00,1.466172586117080900e+00,9.671153724526967421e-01,-1.256631308812921621e-01
6.199897384643554688e+01,-3.381768798828125000e+01,1.378392815589904785e+00,1.507810742265284665e+00,9.585254781031090632e-01,-1.113174460100346957e-01
6.083084869384765625e+01,-3.344101715087890625e+01,1.328877210617065430e+00,1.509026956687107512e+00,9.458218537628078071e-01,-9.178345894205998390e-02
6.358838653564453125e+01,-3.421354675292968750e+01,1.322705507278442383e+00,1.514224678075497765e+00,9.601543615026176814e-01,-1.008309960793389304e-01
6.445384216308593750e+01,-3.424280929565429688e+01,1.242783665657043457e+00,1.476933960926626099e+00,9.610947074721559735e-01,-1.130653433951061826e-01
6.391358566284179688e+01,-3.480986404418945312e+01,1.231017351150512695e+00,1.456161356982342170e+00,9.672523028215452845e-01,-1.292236505411180625e-01
6.326170349121093750e+01,-3.533469390869140625e+01,1.309050083160400391e+00,1.493878802112975412e+00,9.737915644199179876e-01,-1.078461729478336351e-01
6.340015411376953125e+01,-3.576533126831054688e+01,1.347211956977844238e+00,1.493292637689810132e+00,9.843023078965177364e-01,-1.179676239326572090e-01
6.480915069580078125e+01,-3.569707107543945312e+01,1.301744341850280762e+00,1.475294133484247316e+00,9.784384866846902451e-01,-1.323323101914733735e-01
6.425674438476562500e+01,-3.438871002197265625e+01,1.270044088363647461e+00,1.462357910747940526e+00,8.707777686483983981e-01,-1.192551645764379775e-01
6.334796905517578125e+01,-3.646294021606445312e+01,1.455480337142944336e+00,1.546757929159948475e+00,9.893024799133285363e-01,-8.781693773582267826e-02
6.418666839599609375e+01,-3.372239303588867188e+01,1.197166681289672852e+00,1.452905376997906339e+00,9.471484669195707751e-01,-1.210152193252266861e-01
7.106023406982421875e+01,-3.756616592407226562e+01,1.194835543632507324e+00,1.476184430984456730e+00,9.601623657504364528e-01,-1.196151131771970716e-01
7.080304718017578125e+01,-3.771525573730468750e+01,1.219255208969116211e+00,1.489600956142334898e+00,9.654523263745857786e-01,-1.053022327629916377e-01
7.389277648925781250e+01,-3.633175277709960938e+01,1.162861704826354980e+00,1.464543887127823796e+00,9.607095744160714101e-01,-1.234433585338302747e-01
7.331045532226562500e+01,-3.787874221801757812e+01,1.227055311203002930e+00,1.506972879880984273e+00,9.611083434708701523e-01,-1.048880780972763493e-01
8.595126342773437500e+01,-4.338031005859375000e+01,1.163751125335693359e+00,1.433830022384152247e+00,9.449012876828070118e-01,-1.699989007788262896e-01
8.386368560791015625e+01,-4.130632019042968750e+01,1.021553158760070801e+00,1.371413505430644442e+00,9.337054390176836582e-01,-2.405082915003523836e-01
8.685153198242187500e+01,-4.314907455444335938e+01,1.122772574424743652e+00,1.412089626736393821e+00,9.479280361131758870e-01,-1.956536775520697768e-01
8.636051177978515625e+01,-4.324304962158203125e+01,1.149198412895202637e+00,1.416161443844331291e+00,9.425371346686817198e-01,-1.947963891668435532e-01
8.610769653320312500e+01,-4.388742828369140625e+01,1.210578560829162598e+00,1.448826423877336733e+00,9.611866255000491854e-01,-1.683921210072934771e-01
8.187035369873046875e+01,-4.317079162597656250e+01,1.185236930847167969e+00,1.444063604884634033e+00,9.181922007224585514e-01,-1.492275205949425421e-01
8.356752777099609375e+01,-4.332551193237304688e+01,1.183164834976196289e+00,1.453876717412946551e+00,9.335283074484739263e-01,-1.399542318219430537e-01
8.295449066162109375e+01,-4.277135467529296875e+01,1.196845412254333496e+00,1.461565267380894761e+00,9.366833530571757604e-01,-1.396921482565239292e-01
8.528473663330078125e+01,-4.228639984130859375e+01,1.187286853790283203e+00,1.427257670203398110e+00,9.739714090152679082e-01,-1.860253796715481689e-01
8.718976593017578125e+01,-4.287316513061523438e+01,1.209331631660461426e+00,1.431170438002801415e+00,9.809611973605352198e-01,-1.890688884284071891e-01
8.793826293945312500e+01,-4.151316452026367188e+01,1.149824023246765137e+00,1.407191932826481029e+00,9.965419828979378281e-01,-2.026431329355134758e-01
8.720205688476562500e+01,-4.211389923095703125e+01,1.171766638755798340e+00,1.426455180707774772e+00,9.849098926484112226e-01,-1.802960582834674530e-01
8.884468841552734375e+01,-4.189609146118164062e+01,1.160064458847045898e+00,1.448274182023126411e+00,1.001749536602394963e+00,-1.524589048612917386e-01
8.923567199707031250e+01,-4.143030929565429688e+01,1.142475843429565430e+00,1.421157553943883212e+00,9.989767988702181745e-01,-1.813186711783134897e-01
9.023431396484375000e+01,-4.195787048339843750e+01,1.108254194259643555e+00,1.424790942042368780e+00,9.985129388112963245e-01,-1.790746201537662396e-01
7.643247222900390625e+01,-3.868910217285156250e+01,1.159321665763854980e+00,1.447802117639688246e+00,9.335806009339955303e-01,-1.534170467965079165e-01
7.542147064208984375e+01,-3.866075515747070312e+01,1.190163254737854004e+00,1.457715526979383336e+00,9.240995822608354393e-01,-1.460495797746830526e-01
7.613645935058593750e+01,-3.848245239257812500e+01,1.164796948432922363e+00,1.456588737522915400e+00,9.101281287938822739e-01,-1.484899062598008246e-01
7.634782409667968750e+01,-3.862583160400390625e+01,1.186972260475158691e+00,1.497008049821197728e+00,9.146701079189186734e-01,-1.099205163664634527e-01
7.993973541259765625e+01,-3.857179641723632812e+01,1.054828047752380371e+00,1.453502060610180058e+00,9.100277005942628561e-01,-1.412978948840376558e-01
6.726730346679687500e+01,-3.685884094238281250e+01,1.295944690704345703e+00,1.507364200331497761e+00,9.634875832358582581e-01,-1.044047129794786755e-01
6.501642608642578125e+01,-3.694346618652343750e+01,1.356450319290161133e+00,1.550564736279034683e+00,9.754208111072252274e-01,-6.128841579525005911e-02
6.809517669677734375e+01,-3.760651779174804688e+01,1.320971369743347168e+00,1.511227232932353948e+00,9.558483401644203292e-01,-1.118338611580261821e-01
7.007052612304687500e+01,-3.785758209228515625e+01,1.302035212516784668e+00,1.506527222076474493e+00,9.457560455483275952e-01,-1.179193616701401937e-01
6.775990295410156250e+01,-3.778821945190429688e+01,1.300216078758239746e+00,1.518812640539369374e+00,9.524127541643778727e-01,-9.668905060739393931e-02
6.804188537597656250e+01,-3.788374328613281250e+01,1.197220921516418457e+00,1.508338750424777608e+00,9.490520064367625741e-01,-8.550496012403271950e-02
6.958722686767578125e+01,-3.772527694702148438e+01,1.182321190834045410e+00,1.480424071173555234e+00,9.558086679429872445e-01,-1.065050464866366120e-01
6.681409454345703125e+01,-3.734149551391601562e+01,1.284279108047485352e+00,1.544036222689865845e+00,9.356890434617116670e-01,-9.622575447025698281e-02
8.796749114990234375e+01,-4.447896957397460938e+01,1.302280306816101074e+00,1.471069882783500038e+00,9.717870145637594881e-01,-1.604128986217974451e-01
8.883708190917968750e+01,-4.352296829223632812e+01,1.222889661788940430e+00,1.425688019592570965e+00,9.701020949579769459e-01,-2.131922740672987648e-01
8.326809692382812500e+01,-4.253627014160156250e+01,1.119397044181823730e+00,1.477555589473574127e+00,9.068917150636035540e-01,-1.154533368247983027e-01
8.443934631347656250e+01,-4.354198455810546875e+01,1.185445308685302734e+00,1.448789142233886773e+00,9.310520994934230465e-01,-1.575406579188208533e-01
8.614644622802734375e+01,-4.223158264160156250e+01,1.058950543403625488e+00,1.429679055075619987e+00,9.238139550449457893e-01,-1.791131712152929101e-01
8.082303619384765625e+01,-3.875993347167968750e+01,8.387470841407775879e-01,1.452845208391650988e+00,8.619392825233889166e-01,-1.207331276542305126e-01
8.116857910156250000e+01,-3.949212646484375000e+01,1.029129266738891602e+00,1.473159041323196528e+00,8.927721763421970769e-01,-1.381099293793169591e-01
9.281738281250000000e+01,-4.314875793457031250e+01,9.840768575668334961e-01,1.398292755090308370e+00,9.320947802788823733e-01,-2.294259752615498971e-01
7.972628021240234375e+01,-4.022787475585937500e+01,1.052353262901306152e+00,1.509632735758622779e+00,8.928371757352011606e-01,-1.078737691923385145e-01
8.121544647216796875e+01,-4.010780715942382812e+01,9.409733414649963379e-01,1.523773520711051210e+00,8.935937974013781204e-01,-6.650695256640042075e-02
7.936364746093750000e+01,-4.121883010864257812e+01,9.355816245079040527e-01,1.550224981406627345e+00,8.194541490604901890e-01,-8.632598728860209347e-02
7.937729644775390625e+01,-4.104590606689453125e+01,9.394043684005737305e-01,1.516704020755347049e+00,8.288975539697457373e-01,-8.480635400118376188e-02
8.385437774658203125e+01,-4.070256423950195312e+01,9.311637878417968750e-01,1.482866797851266849e+00,8.750508539131346408e-01,-1.082787816029294192e-01
